{
  "Total" : {
    "transaction" : "Total",
    "sampleCount" : 10,
    "errorCount" : 0,
    "errorPct" : 0.0,
    "meanResTime" : 1897.7999999999997,
    "medianResTime" : 1800.0,
    "minResTime" : 1214.0,
    "maxResTime" : 2760.0,
    "pct1ResTime" : 2753.1,
    "pct2ResTime" : 2760.0,
    "pct3ResTime" : 2760.0,
    "throughput" : 3.6231884057971016,
    "receivedKBytesPerSec" : 1403.0220363451087,
    "sentKBytesPerSec" : 0.42105412137681164
  },
  "HTTP Request" : {
    "transaction" : "HTTP Request",
    "sampleCount" : 10,
    "errorCount" : 0,
    "errorPct" : 0.0,
    "meanResTime" : 1897.7999999999997,
    "medianResTime" : 1800.0,
    "minResTime" : 1214.0,
    "maxResTime" : 2760.0,
    "pct1ResTime" : 2753.1,
    "pct2ResTime" : 2760.0,
    "pct3ResTime" : 2760.0,
    "throughput" : 3.6231884057971016,
    "receivedKBytesPerSec" : 1403.0220363451087,
    "sentKBytesPerSec" : 0.42105412137681164
  }
}