{
  "/monolog_v_aptechnoi_lavke/vol1/1-22" : {
    "transaction" : "/monolog_v_aptechnoi_lavke/vol1/1-22",
    "sampleCount" : 300,
    "errorCount" : 300,
    "errorPct" : 100.0,
    "meanResTime" : 149.18666666666667,
    "medianResTime" : 114.0,
    "minResTime" : 96.0,
    "maxResTime" : 699.0,
    "pct1ResTime" : 236.80000000000007,
    "pct2ResTime" : 306.69999999999993,
    "pct3ResTime" : 635.930000000001,
    "throughput" : 15.107261557055091,
    "receivedKBytesPerSec" : 9.200774719256723,
    "sentKBytesPerSec" : 8.33554958958606
  },
  "/canonical.html-29" : {
    "transaction" : "/canonical.html-29",
    "sampleCount" : 300,
    "errorCount" : 0,
    "errorPct" : 0.0,
    "meanResTime" : 63.14666666666666,
    "medianResTime" : 53.0,
    "minResTime" : 41.0,
    "maxResTime" : 207.0,
    "pct1ResTime" : 99.1000000000003,
    "pct2ResTime" : 131.89999999999998,
    "pct3ResTime" : 193.94000000000005,
    "throughput" : 15.212210334161552,
    "receivedKBytesPerSec" : 4.4269908980274835,
    "sentKBytesPerSec" : 4.813238426043304
  },
  "/canonical.html-4" : {
    "transaction" : "/canonical.html-4",
    "sampleCount" : 300,
    "errorCount" : 0,
    "errorPct" : 0.0,
    "meanResTime" : 66.19333333333336,
    "medianResTime" : 58.0,
    "minResTime" : 42.0,
    "maxResTime" : 207.0,
    "pct1ResTime" : 92.0,
    "pct2ResTime" : 112.74999999999994,
    "pct3ResTime" : 200.97000000000003,
    "throughput" : 16.776646907504755,
    "receivedKBytesPerSec" : 4.882266385191812,
    "sentKBytesPerSec" : 5.308235935577676
  },
  "/canonical.html-1" : {
    "transaction" : "/canonical.html-1",
    "sampleCount" : 300,
    "errorCount" : 0,
    "errorPct" : 0.0,
    "meanResTime" : 109.18999999999997,
    "medianResTime" : 85.5,
    "minResTime" : 42.0,
    "maxResTime" : 247.0,
    "pct1ResTime" : 211.90000000000003,
    "pct2ResTime" : 222.0,
    "pct3ResTime" : 238.99,
    "throughput" : 16.605778811026237,
    "receivedKBytesPerSec" : 4.832541099302557,
    "sentKBytesPerSec" : 5.254172201926271
  },
  "/canonical.html-8" : {
    "transaction" : "/canonical.html-8",
    "sampleCount" : 300,
    "errorCount" : 0,
    "errorPct" : 0.0,
    "meanResTime" : 94.83666666666663,
    "medianResTime" : 55.0,
    "minResTime" : 41.0,
    "maxResTime" : 411.0,
    "pct1ResTime" : 267.7000000000001,
    "pct2ResTime" : 343.95,
    "pct3ResTime" : 371.98,
    "throughput" : 18.277080541001585,
    "receivedKBytesPerSec" : 5.318916016814914,
    "sentKBytesPerSec" : 5.782982514926282
  },
  "/success.txt-20" : {
    "transaction" : "/success.txt-20",
    "sampleCount" : 300,
    "errorCount" : 0,
    "errorPct" : 0.0,
    "meanResTime" : 58.153333333333336,
    "medianResTime" : 52.0,
    "minResTime" : 41.0,
    "maxResTime" : 150.0,
    "pct1ResTime" : 81.50000000000017,
    "pct2ResTime" : 115.79999999999995,
    "pct3ResTime" : 145.97000000000003,
    "throughput" : 15.568240788790867,
    "receivedKBytesPerSec" : 3.2839257913855735,
    "sentKBytesPerSec" : 4.956295407368968
  },
  "/success.txt-21" : {
    "transaction" : "/success.txt-21",
    "sampleCount" : 300,
    "errorCount" : 0,
    "errorPct" : 0.0,
    "meanResTime" : 62.963333333333274,
    "medianResTime" : 53.0,
    "minResTime" : 41.0,
    "maxResTime" : 204.0,
    "pct1ResTime" : 101.80000000000007,
    "pct2ResTime" : 130.74999999999994,
    "pct3ResTime" : 202.98000000000002,
    "throughput" : 15.565817464847196,
    "receivedKBytesPerSec" : 3.283414621491205,
    "sentKBytesPerSec" : 4.955523919472838
  },
  "/monolog_v_aptechnoi_lavke-15" : {
    "transaction" : "/monolog_v_aptechnoi_lavke-15",
    "sampleCount" : 300,
    "errorCount" : 0,
    "errorPct" : 0.0,
    "meanResTime" : 199.73999999999995,
    "medianResTime" : 145.0,
    "minResTime" : 111.0,
    "maxResTime" : 1400.0,
    "pct1ResTime" : 297.50000000000017,
    "pct2ResTime" : 466.29999999999984,
    "pct3ResTime" : 1252.640000000003,
    "throughput" : 15.479876160990711,
    "receivedKBytesPerSec" : 610.4050769156347,
    "sentKBytesPerSec" : 8.465557275541796
  },
  "/success.txt-24" : {
    "transaction" : "/success.txt-24",
    "sampleCount" : 300,
    "errorCount" : 0,
    "errorPct" : 0.0,
    "meanResTime" : 63.89333333333332,
    "medianResTime" : 53.0,
    "minResTime" : 41.0,
    "maxResTime" : 209.0,
    "pct1ResTime" : 101.80000000000007,
    "pct2ResTime" : 139.95,
    "pct3ResTime" : 202.0,
    "throughput" : 15.143102316894655,
    "receivedKBytesPerSec" : 3.1942481449699662,
    "sentKBytesPerSec" : 4.820948589167634
  },
  "/success.txt-26" : {
    "transaction" : "/success.txt-26",
    "sampleCount" : 300,
    "errorCount" : 0,
    "errorPct" : 0.0,
    "meanResTime" : 67.68333333333328,
    "medianResTime" : 54.0,
    "minResTime" : 42.0,
    "maxResTime" : 205.0,
    "pct1ResTime" : 121.90000000000003,
    "pct2ResTime" : 149.84999999999997,
    "pct3ResTime" : 198.99,
    "throughput" : 15.135462388375966,
    "receivedKBytesPerSec" : 3.192636597548055,
    "sentKBytesPerSec" : 4.818516346299379
  },
  "/success.txt-27" : {
    "transaction" : "/success.txt-27",
    "sampleCount" : 300,
    "errorCount" : 0,
    "errorPct" : 0.0,
    "meanResTime" : 62.526666666666664,
    "medianResTime" : 53.0,
    "minResTime" : 42.0,
    "maxResTime" : 211.0,
    "pct1ResTime" : 99.4000000000002,
    "pct2ResTime" : 116.94999999999999,
    "pct3ResTime" : 200.99,
    "throughput" : 15.217611849447094,
    "receivedKBytesPerSec" : 3.2099649994927466,
    "sentKBytesPerSec" : 4.844669397382571
  },
  "/success.txt-28" : {
    "transaction" : "/success.txt-28",
    "sampleCount" : 300,
    "errorCount" : 0,
    "errorPct" : 0.0,
    "meanResTime" : 70.1766666666667,
    "medianResTime" : 54.0,
    "minResTime" : 42.0,
    "maxResTime" : 207.0,
    "pct1ResTime" : 124.90000000000003,
    "pct2ResTime" : 172.5499999999999,
    "pct3ResTime" : 203.96000000000004,
    "throughput" : 15.216068167985393,
    "receivedKBytesPerSec" : 3.2096393791844187,
    "sentKBytesPerSec" : 4.844177951917224
  },
  "/success.txt-2" : {
    "transaction" : "/success.txt-2",
    "sampleCount" : 300,
    "errorCount" : 0,
    "errorPct" : 0.0,
    "meanResTime" : 71.25999999999999,
    "medianResTime" : 61.5,
    "minResTime" : 41.0,
    "maxResTime" : 210.0,
    "pct1ResTime" : 102.90000000000003,
    "pct2ResTime" : 163.39999999999986,
    "pct3ResTime" : 200.99,
    "throughput" : 16.768207478620536,
    "receivedKBytesPerSec" : 3.5370437650215196,
    "sentKBytesPerSec" : 5.33831605276396
  },
  "/success.txt-3" : {
    "transaction" : "/success.txt-3",
    "sampleCount" : 300,
    "errorCount" : 0,
    "errorPct" : 0.0,
    "meanResTime" : 72.70000000000007,
    "medianResTime" : 60.0,
    "minResTime" : 41.0,
    "maxResTime" : 201.0,
    "pct1ResTime" : 125.60000000000014,
    "pct2ResTime" : 155.0,
    "pct3ResTime" : 198.92000000000007,
    "throughput" : 16.77101967799642,
    "receivedKBytesPerSec" : 3.53763696332737,
    "sentKBytesPerSec" : 5.339211342799642
  },
  "/success.txt-6" : {
    "transaction" : "/success.txt-6",
    "sampleCount" : 300,
    "errorCount" : 0,
    "errorPct" : 0.0,
    "meanResTime" : 69.98999999999992,
    "medianResTime" : 59.0,
    "minResTime" : 42.0,
    "maxResTime" : 204.0,
    "pct1ResTime" : 114.7000000000001,
    "pct2ResTime" : 132.95,
    "pct3ResTime" : 184.97000000000003,
    "throughput" : 16.76727028839705,
    "receivedKBytesPerSec" : 3.536846076458753,
    "sentKBytesPerSec" : 5.3380176894701545
  },
  "/success.txt-5" : {
    "transaction" : "/success.txt-5",
    "sampleCount" : 300,
    "errorCount" : 0,
    "errorPct" : 0.0,
    "meanResTime" : 67.43999999999997,
    "medianResTime" : 56.0,
    "minResTime" : 42.0,
    "maxResTime" : 206.0,
    "pct1ResTime" : 106.0,
    "pct2ResTime" : 130.44999999999987,
    "pct3ResTime" : 200.0,
    "throughput" : 16.764459346186086,
    "receivedKBytesPerSec" : 3.5362531433361273,
    "sentKBytesPerSec" : 5.337122799664711
  },