{
  "/monolog_v_aptechnoi_lavke/vol1/1-22" : {
    "transaction" : "/monolog_v_aptechnoi_lavke/vol1/1-22",
    "sampleCount" : 20,
    "errorCount" : 0,
    "errorPct" : 0.0,
    "meanResTime" : 260.2,
    "medianResTime" : 236.5,
    "minResTime" : 160.0,
    "maxResTime" : 583.0,
    "pct1ResTime" : 492.8000000000003,
    "pct2ResTime" : 579.1999999999999,
    "pct3ResTime" : 583.0,
    "throughput" : 3.1700744967506735,
    "receivedKBytesPerSec" : 301.2210049631479,
    "sentKBytesPerSec" : 1.74911336978919
  },
  "/canonical.html-29" : {
    "transaction" : "/canonical.html-29",
    "sampleCount" : 20,
    "errorCount" : 0,
    "errorPct" : 0.0,
    "meanResTime" : 49.45,
    "medianResTime" : 47.5,
    "minResTime" : 45.0,
    "maxResTime" : 60.0,
    "pct1ResTime" : 58.500000000000014,
    "pct2ResTime" : 59.95,
    "pct3ResTime" : 60.0,
    "throughput" : 3.2701111837802483,
    "receivedKBytesPerSec" : 0.951653449967299,
    "sentKBytesPerSec" : 1.0346836167429694
  },
  "/canonical.html-4" : {
    "transaction" : "/canonical.html-4",
    "sampleCount" : 20,
    "errorCount" : 0,
    "errorPct" : 0.0,
    "meanResTime" : 49.65,
    "medianResTime" : 48.5,
    "minResTime" : 45.0,
    "maxResTime" : 60.0,
    "pct1ResTime" : 57.60000000000001,
    "pct2ResTime" : 59.9,
    "pct3ResTime" : 60.0,
    "throughput" : 3.3450409767519655,
    "receivedKBytesPerSec" : 0.9734591905000836,
    "sentKBytesPerSec" : 1.0583918715504266
  },
  "/canonical.html-1" : {
    "transaction" : "/canonical.html-1",
    "sampleCount" : 20,
    "errorCount" : 0,
    "errorPct" : 0.0,
    "meanResTime" : 99.44999999999999,
    "medianResTime" : 75.5,
    "minResTime" : 45.0,
    "maxResTime" : 207.0,
    "pct1ResTime" : 206.70000000000002,
    "pct2ResTime" : 207.0,
    "pct3ResTime" : 207.0,
    "throughput" : 3.2451728054518902,
    "receivedKBytesPerSec" : 0.9443959922115852,
    "sentKBytesPerSec" : 1.0267929579750121
  },
  "/canonical.html-8" : {
    "transaction" : "/canonical.html-8",
    "sampleCount" : 20,
    "errorCount" : 0,
    "errorPct" : 0.0,
    "meanResTime" : 52.65,
    "medianResTime" : 53.0,
    "minResTime" : 45.0,
    "maxResTime" : 65.0,
    "pct1ResTime" : 63.900000000000006,
    "pct2ResTime" : 64.95,
    "pct3ResTime" : 65.0,
    "throughput" : 4.460303300624442,
    "receivedKBytesPerSec" : 1.298017952720785,
    "sentKBytesPerSec" : 1.4112678412132025
  },
  "/success.txt-20" : {
    "transaction" : "/success.txt-20",
    "sampleCount" : 20,
    "errorCount" : 0,
    "errorPct" : 0.0,
    "meanResTime" : 49.65,
    "medianResTime" : 48.0,
    "minResTime" : 45.0,
    "maxResTime" : 59.0,
    "pct1ResTime" : 58.500000000000014,
    "pct2ResTime" : 59.0,
    "pct3ResTime" : 59.0,
    "throughput" : 3.462004500605851,
    "receivedKBytesPerSec" : 0.7302665743465466,
    "sentKBytesPerSec" : 1.1021615890600658
  },
  "/success.txt-21" : {
    "transaction" : "/success.txt-21",
    "sampleCount" : 20,
    "errorCount" : 0,
    "errorPct" : 0.0,
    "meanResTime" : 49.49999999999999,
    "medianResTime" : 47.5,
    "minResTime" : 46.0,
    "maxResTime" : 59.0,
    "pct1ResTime" : 58.500000000000014,
    "pct2ResTime" : 59.0,
    "pct3ResTime" : 59.0,
    "throughput" : 3.4626038781163433,
    "receivedKBytesPerSec" : 0.7303930055401663,
    "sentKBytesPerSec" : 1.1023524065096952
  },
  "/monolog_v_aptechnoi_lavke-15" : {
    "transaction" : "/monolog_v_aptechnoi_lavke-15",
    "sampleCount" : 20,
    "errorCount" : 0,
    "errorPct" : 0.0,
    "meanResTime" : 173.79999999999998,
    "medianResTime" : 134.5,
    "minResTime" : 114.0,
    "maxResTime" : 441.0,
    "pct1ResTime" : 416.7000000000004,
    "pct2ResTime" : 440.65,
    "pct3ResTime" : 441.0,
    "throughput" : 3.4170510849137194,
    "receivedKBytesPerSec" : 134.6601769391765,
    "sentKBytesPerSec" : 1.8686998120621905
  },
  "/success.txt-24" : {
    "transaction" : "/success.txt-24",
    "sampleCount" : 20,
    "errorCount" : 0,
    "errorPct" : 0.0,
    "meanResTime" : 50.25,
    "medianResTime" : 48.5,
    "minResTime" : 45.0,
    "maxResTime" : 59.0,
    "pct1ResTime" : 58.900000000000006,
    "pct2ResTime" : 59.0,
    "pct3ResTime" : 59.0,
    "throughput" : 3.2610467960215233,
    "receivedKBytesPerSec" : 0.68787705853579,
    "sentKBytesPerSec" : 1.0381848198271646
  },
  "/success.txt-26" : {
    "transaction" : "/success.txt-26",
    "sampleCount" : 20,
    "errorCount" : 0,
    "errorPct" : 0.0,
    "meanResTime" : 49.449999999999996,
    "medianResTime" : 48.0,
    "minResTime" : 45.0,
    "maxResTime" : 60.0,
    "pct1ResTime" : 58.60000000000001,
    "pct2ResTime" : 59.95,
    "pct3ResTime" : 60.0,
    "throughput" : 3.2674399607907203,
    "receivedKBytesPerSec" : 0.6892256167292925,
    "sentKBytesPerSec" : 1.0402201437673582
  },
  "/success.txt-27" : {
    "transaction" : "/success.txt-27",
    "sampleCount" : 20,
    "errorCount" : 0,
    "errorPct" : 0.0,
    "meanResTime" : 49.6,
    "medianResTime" : 48.5,
    "minResTime" : 45.0,
    "maxResTime" : 60.0,
    "pct1ResTime" : 58.500000000000014,
    "pct2ResTime" : 59.95,
    "pct3ResTime" : 60.0,
    "throughput" : 3.2679738562091503,
    "receivedKBytesPerSec" : 0.6893382352941176,
    "sentKBytesPerSec" : 1.040390114379085
  },
  "/success.txt-28" : {
    "transaction" : "/success.txt-28",
    "sampleCount" : 20,
    "errorCount" : 0,
    "errorPct" : 0.0,
    "meanResTime" : 49.4,
    "medianResTime" : 47.5,
    "minResTime" : 45.0,
    "maxResTime" : 60.0,
    "pct1ResTime" : 58.500000000000014,
    "pct2ResTime" : 59.95,
    "pct3ResTime" : 60.0,
    "throughput" : 3.2695765898316167,
    "receivedKBytesPerSec" : 0.6896763119176067,
    "sentKBytesPerSec" : 1.040900359653425
  },
  "/success.txt-2" : {
    "transaction" : "/success.txt-2",
    "sampleCount" : 20,
    "errorCount" : 0,
    "errorPct" : 0.0,
    "meanResTime" : 53.1,
    "medianResTime" : 49.5,
    "minResTime" : 45.0,
    "maxResTime" : 73.0,
    "pct1ResTime" : 66.4,
    "pct2ResTime" : 72.69999999999999,
    "pct3ResTime" : 73.0,
    "throughput" : 3.33889816360601,
    "receivedKBytesPerSec" : 0.7042988313856428,
    "sentKBytesPerSec" : 1.062969532554257
  },
  "/success.txt-3" : {
    "transaction" : "/success.txt-3",
    "sampleCount" : 20,
    "errorCount" : 0,
    "errorPct" : 0.0,
    "meanResTime" : 53.849999999999994,
    "medianResTime" : 51.5,
    "minResTime" : 45.0,
    "maxResTime" : 70.0,
    "pct1ResTime" : 69.0,
    "pct2ResTime" : 69.95,
    "pct3ResTime" : 70.0,
    "throughput" : 3.333888981496916,
    "receivedKBytesPerSec" : 0.7032422070345058,
    "sentKBytesPerSec" : 1.0613748124687448
  },
  "/success.txt-6" : {
    "transaction" : "/success.txt-6",
    "sampleCount" : 20,
    "errorCount" : 0,
    "errorPct" : 0.0,
    "meanResTime" : 50.05,
    "medianResTime" : 48.0,
    "minResTime" : 45.0,
    "maxResTime" : 65.0,
    "pct1ResTime" : 58.60000000000001,
    "pct2ResTime" : 64.69999999999999,
    "pct3ResTime" : 65.0,
    "throughput" : 3.3450409767519655,
    "receivedKBytesPerSec" : 0.7055945810336176,
    "sentKBytesPerSec" : 1.064925154708145
  },
  "/success.txt-5" : {
    "transaction" : "/success.txt-5",
    "sampleCount" : 20,
    "errorCount" : 0,
    "errorPct" : 0.0,
    "meanResTime" : 50.150000000000006,
    "medianResTime" : 48.0,
    "minResTime" : 46.0,
    "maxResTime" : 60.0,
    "pct1ResTime" : 58.800000000000004,
    "pct2ResTime" : 59.95,
    "pct3ResTime" : 60.0,
    "throughput" : 3.343922420999833,
    "receivedKBytesPerSec" : 0.7053586356796523,
    "sentKBytesPerSec" : 1.0645690519979936
  },
  "/internal/elementList/2134-11" : {
    "transaction" : "/internal/elementList/2134-11",
    "sampleCount" : 20,
    "errorCount" : 0,
    "errorPct" : 0.0,
    "meanResTime" : 150.05000000000004,
    "medianResTime" : 126.0,
    "minResTime" : 109.0,
    "maxResTime" : 321.0,
    "pct1ResTime" : 300.1000000000003,
    "pct2ResTime" : 320.65,
    "pct3ResTime" : 321.0,